{
  "trained": true,
  "trained_at": 1783124520.9068596,
  "sample_size": 1000,
  "metrics": {
    "accuracy": 0.993,
    "precision": 1.0,
    "recall": 0.93,
    "f1_score": 0.9637305699481865,
    "confusion_matrix": {
      "tn": 900,
      "fp": 0,
      "fn": 7,
      "tp": 93
    }
  },
  "feature_importance": {
    "device_secure": 0.026330848129357494,
    "network_secure": 0.07711218738313802,
    "is_public_network": 0.0921804823816054,
    "device_known": 0.10397044563988511,
    "vpn_active": 0.25430156634870144,
    "ip_changed": 0.22934012642233417,
    "ua_changed": 0.21676434369497835
  },
  "baseline_centroid": [
    0.021111111111111112,
    0.021111111111111112,
    0.04888888888888889,
    0.028888888888888888,
    0.03333333333333333,
    0.08777777777777777,
    0.057777777777777775
  ]
}